Workbook

Sheet 📊 Dashboard
A1: 🦸 SURYA'S HERO TRAINING LOGBOOK — 30-DAY TRACKER
A2: Goal: 75kg Lean Muscle | Spider-Man Physique x Goku Strength | 6:00 AM – 7:45 AM
B3: 💪 Total Workouts | D3: ❌ Days Missed | F3: ⚡ Streak (Max) | H3: 📅 Month Progress | J3: 🏋️ Total Volume (kg) | L3: 🔥 Avg Session (kg)
B4: =COUNTIF('📋 Daily Log'!D4:D33,"✅ Done") -> 0 | D4: =COUNTIF('📋 Daily Log'!D4:D33,"❌ Missed") -> 0 | F4: =MAX('📋 Daily Log'!F4:F33) -> 0 | H4: =TEXT(COUNTIF('📋 Daily Log'!D4:D33,"✅ Done")/30,"0%") -> 0% | J4: =IFERROR(SUM('📋 Daily Log'!G4:G33),0) -> 0 | L4: =IFERROR(AVERAGE(IF('📋 Daily Log'!G4:G33>0,'📋 Daily Log'!G4:G33)),"-") -> 0
A6: 📅 WEEKLY BREAKDOWN
A7: Week | B7: Days Trained | C7: Days Missed | D7: Completion % | E7: Workouts Done | F7: Total Volume (kg) | G7: Avg Volume/Day | H7: Best Day | I7: Status
A8: Week 1 | B8: =COUNTIF('📋 Daily Log'!D4:D9,"✅ Done") -> 0 | C8: =COUNTIF('📋 Daily Log'!D4:D9,"❌ Missed") -> 0 | D8: =IFERROR(TEXT(B8/6,"0%"),"-") -> 0% | E8: =COUNTIF('📋 Daily Log'!D4:D9,"✅ Done") -> 0 | F8: =IFERROR(SUMIF('📋 Daily Log'!D4:D9,"✅ Done",'📋 Daily Log'!G4:G9),0) -> 0 | G8: =IFERROR(F8/B8,"-") -> - | H8: =IFERROR(INDEX('📋 Daily Log'!C4:C9,MATCH(MAX('📋 Daily Log'!G4:G9),'📋 Daily Log'!G4:G9,0)),"-") -> - | I8: =IF(D8="100%","🔥 Perfect",IF(B8>=4,"✅ Good",IF(B8>=3,"⚠️ OK","❌ Weak"))) -> ❌ Weak
A9: Week 2 | B9: =COUNTIF('📋 Daily Log'!D10:D15,"✅ Done") -> 0 | C9: =COUNTIF('📋 Daily Log'!D10:D15,"❌ Missed") -> 0 | D9: =IFERROR(TEXT(B9/6,"0%"),"-") -> 0% | E9: =COUNTIF('📋 Daily Log'!D10:D15,"✅ Done") -> 0 | F9: =IFERROR(SUMIF('📋 Daily Log'!D10:D15,"✅ Done",'📋 Daily Log'!G10:G15),0) -> 0 | G9: =IFERROR(F9/B9,"-") -> - | H9: =IFERROR(INDEX('📋 Daily Log'!C10:C15,MATCH(MAX('📋 Daily Log'!G10:G15),'📋 Daily Log'!G10:G15,0)),"-") -> - | I9: =IF(D9="100%","🔥 Perfect",IF(B9>=4,"✅ Good",IF(B9>=3,"⚠️ OK","❌ Weak"))) -> ❌ Weak
A10: Week 3 | B10: =COUNTIF('📋 Daily Log'!D16:D21,"✅ Done") -> 0 | C10: =COUNTIF('📋 Daily Log'!D16:D21,"❌ Missed") -> 0 | D10: =IFERROR(TEXT(B10/6,"0%"),"-") -> 0% | E10: =COUNTIF('📋 Daily Log'!D16:D21,"✅ Done") -> 0 | F10: =IFERROR(SUMIF('📋 Daily Log'!D16:D21,"✅ Done",'📋 Daily Log'!G16:G21),0) -> 0 | G10: =IFERROR(F10/B10,"-") -> - | H10: =IFERROR(INDEX('📋 Daily Log'!C16:C21,MATCH(MAX('📋 Daily Log'!G16:G21),'📋 Daily Log'!G16:G21,0)),"-") -> - | I10: =IF(D10="100%","🔥 Perfect",IF(B10>=4,"✅ Good",IF(B10>=3,"⚠️ OK","❌ Weak"))) -> ❌ Weak
A11: Week 4 | B11: =COUNTIF('📋 Daily Log'!D22:D27,"✅ Done") -> 0 | C11: =COUNTIF('📋 Daily Log'!D22:D27,"❌ Missed") -> 0 | D11: =IFERROR(TEXT(B11/6,"0%"),"-") -> 0% | E11: =COUNTIF('📋 Daily Log'!D22:D27,"✅ Done") -> 0 | F11: =IFERROR(SUMIF('📋 Daily Log'!D22:D27,"✅ Done",'📋 Daily Log'!G22:G27),0) -> 0 | G11: =IFERROR(F11/B11,"-") -> - | H11: =IFERROR(INDEX('📋 Daily Log'!C22:C27,MATCH(MAX('📋 Daily Log'!G22:G27),'📋 Daily Log'!G22:G27,0)),"-") -> - | I11: =IF(D11="100%","🔥 Perfect",IF(B11>=4,"✅ Good",IF(B11>=3,"⚠️ OK","❌ Weak"))) -> ❌ Weak
A12: Week 5 | B12: =COUNTIF('📋 Daily Log'!D28:D33,"✅ Done") -> 0 | C12: =COUNTIF('📋 Daily Log'!D28:D33,"❌ Missed") -> 0 | D12: =IFERROR(TEXT(B12/6,"0%"),"-") -> 0% | E12: =COUNTIF('📋 Daily Log'!D28:D33,"✅ Done") -> 0 | F12: =IFERROR(SUMIF('📋 Daily Log'!D28:D33,"✅ Done",'📋 Daily Log'!G28:G33),0) -> 0 | G12: =IFERROR(F12/B12,"-") -> - | H12: =IFERROR(INDEX('📋 Daily Log'!C28:C33,MATCH(MAX('📋 Daily Log'!G28:G33),'📋 Daily Log'!G28:G33,0)),"-") -> - | I12: =IF(D12="100%","🔥 Perfect",IF(B12>=4,"✅ Good",IF(B12>=3,"⚠️ OK","❌ Weak"))) -> ❌ Weak
A14: 💪 MUSCLE GROUP HIT FREQUENCY (Month)
A15: Chest | B15: =COUNTIF('📋 Daily Log'!C4:C33,"*PUSH A*") -> 5 | C15: Expected: 8 | D15: =IFERROR(REPT("█",B15)&REPT("░",MAX(0,8-B15)),"░░░░░░░░") -> █████░░░
A16: Back | B16: =COUNTIF('📋 Daily Log'!C4:C33,"*PULL*") -> 9 | C16: Expected: 8 | D16: =IFERROR(REPT("█",B16)&REPT("░",MAX(0,8-B16)),"░░░░░░░░") -> █████████
A17: Shoulders | B17: =COUNTIF('📋 Daily Log'!C4:C33,"*PUSH B*") -> 4 | C17: Expected: 8 | D17: =IFERROR(REPT("█",B17)&REPT("░",MAX(0,8-B17)),"░░░░░░░░") -> ████░░░░
A18: Legs (Quads) | B18: =COUNTIF('📋 Daily Log'!C4:C33,"*LEGS A*") -> 4 | C18: Expected: 8 | D18: =IFERROR(REPT("█",B18)&REPT("░",MAX(0,8-B18)),"░░░░░░░░") -> ████░░░░
A19: Legs (Hams) | B19: =COUNTIF('📋 Daily Log'!C4:C33,"*LEGS B*") -> 4 | C19: Expected: 8 | D19: =IFERROR(REPT("█",B19)&REPT("░",MAX(0,8-B19)),"░░░░░░░░") -> ████░░░░
A20: Biceps | B20: =COUNTIF('📋 Daily Log'!C4:C33,"*PULL*") -> 9 | C20: Expected: 8 | D20: =IFERROR(REPT("█",B20)&REPT("░",MAX(0,8-B20)),"░░░░░░░░") -> █████████
A21: Triceps | B21: =COUNTIF('📋 Daily Log'!C4:C33,"*PUSH*") -> 9 | C21: Expected: 8 | D21: =IFERROR(REPT("█",B21)&REPT("░",MAX(0,8-B21)),"░░░░░░░░") -> █████████
A22: Core | B22: =COUNTIF('📋 Daily Log'!C4:C33,"*LEGS*") -> 8 | C22: Expected: 8 | D22: =IFERROR(REPT("█",B22)&REPT("░",MAX(0,8-B22)),"░░░░░░░░") -> ████████

Sheet 📋 Daily Log
A1: 📋 30-DAY DAILY WORKOUT LOG
A2: 📝 Fill in: Date | Workout Type | Status | Exercises | Sets x Reps | Weight (kg) | Energy | Notes | Finisher
A3: Day # | B3: Date | C3: Workout Type | D3: Status (✅/❌/😴) | E3: Exercise 1 (Name | Sets×Reps) | F3: Exercise 2 (Name | Sets×Reps) | G3: Total Volume (kg lifted) | H3: Energy Level (1-10) | I3: Bodyweight (kg) | J3: Finisher Completed? | K3: Personal Best (Exercise | Weight) | L3: Sleep Hrs (Night Before) | M3: Protein Hit? (✅/❌) | N3: Notes / Mood
A4: 1 | B4: 06 Apr 2026 | C4: PUSH A (Chest Focus)
A5: 2 | B5: 07 Apr 2026 | C5: PULL A (Width Focus)
A6: 3 | B6: 08 Apr 2026 | C6: LEGS A (Squat Focus)
A7: 4 | B7: 09 Apr 2026 | C7: PUSH B (Shoulder Focus)
A8: 5 | B8: 10 Apr 2026 | C8: PULL B (Thickness Focus)
A9: 6 | B9: 11 Apr 2026 | C9: LEGS B (Agility Focus)
A10: 7 | B10: 12 Apr 2026 | C10: REST / Recovery | D10: 😴 Rest | J10: N/A
A11: 8 | B11: 13 Apr 2026 | C11: PUSH A (Chest Focus)
A12: 9 | B12: 14 Apr 2026 | C12: PULL A (Width Focus)
A13: 10 | B13: 15 Apr 2026 | C13: LEGS A (Squat Focus)
A14: 11 | B14: 16 Apr 2026 | C14: PUSH B (Shoulder Focus)
A15: 12 | B15: 17 Apr 2026 | C15: PULL B (Thickness Focus)
A16: 13 | B16: 18 Apr 2026 | C16: LEGS B (Agility Focus)
A17: 14 | B17: 19 Apr 2026 | C17: REST / Recovery | D17: 😴 Rest | J17: N/A
A18: 15 | B18: 20 Apr 2026 | C18: PUSH A (Chest Focus)
A19: 16 | B19: 21 Apr 2026 | C19: PULL A (Width Focus)
A20: 17 | B20: 22 Apr 2026 | C20: LEGS A (Squat Focus)
A21: 18 | B21: 23 Apr 2026 | C21: PUSH B (Shoulder Focus)
A22: 19 | B22: 24 Apr 2026 | C22: PULL B (Thickness Focus)
A23: 20 | B23: 25 Apr 2026 | C23: LEGS B (Agility Focus)
A24: 21 | B24: 26 Apr 2026 | C24: REST / Recovery | D24: 😴 Rest | J24: N/A
A25: 22 | B25: 27 Apr 2026 | C25: PUSH A (Chest Focus)
A26: 23 | B26: 28 Apr 2026 | C26: PULL A (Width Focus)
A27: 24 | B27: 29 Apr 2026 | C27: LEGS A (Squat Focus)
A28: 25 | B28: 30 Apr 2026 | C28: PUSH B (Shoulder Focus)
A29: 26 | B29: 01 May 2026 | C29: PULL B (Thickness Focus)
A30: 27 | B30: 02 May 2026 | C30: LEGS B (Agility Focus)
A31: 28 | B31: 03 May 2026 | C31: REST / Recovery | D31: 😴 Rest | J31: N/A
A32: 29 | B32: 04 May 2026 | C32: PUSH A (Chest Focus)
A33: 30 | B33: 05 May 2026 | C33: PULL A (Width Focus)

Sheet 📚 Exercise Library
A1: 📚 EXERCISE REFERENCE LIBRARY (Your Full Routine)
A2: Saga 1: Foundation (Months 1-4) | Saga 2: Strength (Months 5-8) | Saga 3: Shred (Months 9-12)
A3: Day | B3: Exercise | C3: Sets | D3: Reps | E3: Rest | F3: Target Muscle | G3: Saga | H3: Notes
A4: PUSH A (Mon) | B4: Barbell Bench Press | C4: 4 | D4: 8-10 | E4: 90s | F4: Chest (Lower/Mid) | G4: All Sagas | H4: Touch chest, explode up
A5: PUSH A (Mon) | B5: Incline Dumbbell Press | C5: 3 | D5: 10-12 | E5: 75s | F5: Chest (Upper) | G5: All Sagas | H5: Focus on upper chest shelf
A6: PUSH A (Mon) | B6: Incline Dumbbell Flys | C6: 3 | D6: 12-15 | E6: 60s | F6: Chest (Stretch) | G6: Saga 1-2 | H6: Deep stretch at the bottom
A7: PUSH A (Mon) | B7: Lateral Raises | C7: 4 | D7: 15 | E7: 60s | F7: Side Delts | G7: All Sagas | H7: Lead with elbows, don't swing
A8: PUSH A (Mon) | B8: Tricep Pushdowns (Rope) | C8: 3 | D8: 12-15 | E8: 60s | F8: Triceps (Long) | G8: All Sagas | H8: Spread rope at bottom
A9: PUSH A (Mon) | B9: Finisher: Cable Crossovers | C9: 3 | D9: 15-20 | E9: 60s | F9: Chest (Isolation) | G9: All Sagas | H9: Squeeze at center
A10: PULL A (Tue) | B10: Pull-ups | C10: 4 | D10: AMRAP | E10: 90s | F10: Lats (Width) | G10: All Sagas | H10: Wide grip, chin over bar
A11: PULL A (Tue) | B11: Lat Pulldowns (Wide) | C11: 3 | D11: 10-12 | E11: 75s | F11: Lats | G11: Saga 1 | H11: Control the negative
A12: PULL A (Tue) | B12: Single-Arm DB Rows | C12: 3 | D12: 12/arm | E12: 60s | F12: Back (Thickness) | G12: All Sagas | H12: Keep back flat, pull to hip
A13: PULL A (Tue) | B13: Face Pulls | C13: 4 | D13: 15-20 | E13: 60s | F13: Rear Delts | G13: All Sagas | H13: Pull to forehead, external rotation
A14: PULL A (Tue) | B14: Dumbbell Curls | C14: 4 | D14: 10-12 | E14: 60s | F14: Biceps | G14: All Sagas | H14: Twist pinky up at top
... A37: LEGS B (Sat) | B37: Finisher: Sprints | C37: 5 | D37: 30s ON/OFF | E37: -- | F37: Cardio/Conditioning | G37: All Sagas | H37: Treadmill or outdoor

Sheet 🏆 PR Tracker
A1: 🏆 PERSONAL RECORDS (PR) TRACKER
A2: Track your all-time bests. Beat last week's PR = Progress. Update after every breakthrough!
A3: Exercise | B3: Current PR (kg) | C3: PR Date | D3: Previous PR (kg) | E3: Improvement (kg) | F3: Reps at PR | G3: Milestone | H3: Goal (kg)
A4: Barbell Bench Press | E4: =IFERROR(B4-D4,"-") -> 0 | G4: =IF(B4="","Not Set Yet",IF(B4>=H4,"🏆 GOAL HIT!",IF(B4>=H4*0.9,"🔥 90% There!",IF(B4>=H4*0.75,"⚡ 75% Done","📈 Keep Going")))) -> Not Set Yet | H4: 100
A5: Overhead Press | E5: =IFERROR(B5-D5,"-") -> 0 | G5: =IF(B5="","Not Set Yet",IF(B5>=H5,"🏆 GOAL HIT!",IF(B5>=H5*0.9,"🔥 90% There!",IF(B5>=H5*0.75,"⚡ 75% Done","📈 Keep Going")))) -> Not Set Yet | H5: 80
A6: Deadlift | E6: =IFERROR(B6-D6,"-") -> 0 | G6: =IF(B6="","Not Set Yet",IF(B6>=H6,"🏆 GOAL HIT!",IF(B6>=H6*0.9,"🔥 90% There!",IF(B6>=H6*0.75,"⚡ 75% Done","📈 Keep Going")))) -> Not Set Yet | H6: 140
A7: Barbell Squats | E7: =IFERROR(B7-D7,"-") -> 0 | G7: =IF(B7="","Not Set Yet",IF(B7>=H7,"🏆 GOAL HIT!",IF(B7>=H7*0.9,"🔥 90% There!",IF(B7>=H7*0.75,"⚡ 75% Done","📈 Keep Going")))) -> Not Set Yet | H7: 120
A8: Pull-ups (Weighted) | E8: =IFERROR(B8-D8,"-") -> 0 | G8: =IF(B8="","Not Set Yet",IF(B8>=H8,"🏆 GOAL HIT!",IF(B8>=H8*0.9,"🔥 90% There!",IF(B8>=H8*0.75,"⚡ 75% Done","📈 Keep Going")))) -> Not Set Yet | H8: 20
A9: Incline DB Press | E9: =IFERROR(B9-D9,"-") -> 0 | G9: =IF(B9="","Not Set Yet",IF(B9>=H9,"🏆 GOAL HIT!",IF(B9>=H9*0.9,"🔥 90% There!",IF(B9>=H9*0.75,"⚡ 75% Done","📈 Keep Going")))) -> Not Set Yet | H9: 80
A10: Romanian Deadlifts | E10: =IFERROR(B10-D10,"-") -> 0 | G10: =IF(B10="","Not Set Yet",IF(B10>=H10,"🏆 GOAL HIT!",IF(B10>=H10*0.9,"🔥 90% There!",IF(B10>=H10*0.75,"⚡ 75% Done","📈 Keep Going")))) -> Not Set Yet | H10: 80
A11: Dumbbell Curls | E11: =IFERROR(B11-D11,"-") -> 0 | G11: =IF(B11="","Not Set Yet",IF(B11>=H11,"🏆 GOAL HIT!",IF(B11>=H11*0.9,"🔥 90% There!",IF(B11>=H11*0.75,"⚡ 75% Done","📈 Keep Going")))) -> Not Set Yet | H11: 25
A12: Close-Grip Bench | E12: =IFERROR(B12-D12,"-") -> 0 | G12: =IF(B12="","Not Set Yet",IF(B12>=H12,"🏆 GOAL HIT!",IF(B12>=H12*0.9,"🔥 90% There!",IF(B12>=H12*0.75,"⚡ 75% Done","📈 Keep Going")))) -> Not Set Yet | H12: 90
A13: T-Bar Rows | E13: =IFERROR(B13-D13,"-") -> 0 | G13: =IF(B13="","Not Set Yet",IF(B13>=H13,"🏆 GOAL HIT!",IF(B13>=H13*0.9,"🔥 90% There!",IF(B13>=H13*0.75,"⚡ 75% Done","📈 Keep Going")))) -> Not Set Yet | H13: 80
A14: Bulgarian Split Squat | E14: =IFERROR(B14-D14,"-") -> 0 | G14: =IF(B14="","Not Set Yet",IF(B14>=H14,"🏆 GOAL HIT!",IF(B14>=H14*0.9,"🔥 90% There!",IF(B14>=H14*0.75,"⚡ 75% Done","📈 Keep Going")))) -> Not Set Yet | H14: 40
A15: Weighted Dips | E15: =IFERROR(B15-D15,"-") -> 0 | G15: =IF(B15="","Not Set Yet",IF(B15>=H15,"🏆 GOAL HIT!",IF(B15>=H15*0.9,"🔥 90% There!",IF(B15>=H15*0.75,"⚡ 75% Done","📈 Keep Going")))) -> Not Set Yet | H15: 30

Sheet 📏 Body Stats
A1: 📏 BODY MEASUREMENTS TRACKER — Goal: 75 kg Lean
A2: Measure every Sunday morning, fasted. Consistency in measurement = Accurate data.
A3: Week | B3: Date | C3: Bodyweight (kg) | D3: Chest (cm) | E3: Waist (cm) | F3: Hips (cm) | G3: Bicep (cm) | H3: Thigh (cm) | I3: Notes
A4: Week 1 | B4: 06 Apr 2026
A5: Week 2 | B5: 13 Apr 2026
A6: Week 3 | B6: 20 Apr 2026
A7: Week 4 | B7: 27 Apr 2026
A8: Week 5 | B8: 04 May 2026
A9: 📊 CHANGE SUMMARY (Week 5 vs Week 1)
A10: Metric | B10: Start | C10: End | D10: Change | E10: % Change | F10: Goal | G10: Status
A11: Bodyweight (kg) | B11: =C4 -> 0 | C11: =C8 -> 0 | D11: =IFERROR(C11-B11,"-") -> 0 | E11: =IFERROR(TEXT((C11-B11)/B11,"+0.0%;-0.0%"),"-") -> - | F11: Goal: 75kg | G11: =IFERROR(IF(ABS(C11-B11)>=0.5,"✅ Progress!","📈 Keep Going"),"-") -> 📈 Keep Going
A12: Chest (cm) | B12: =D4 -> 0 | C12: =D8 -> 0 | D12: =IFERROR(C12-B12,"-") -> 0 | E12: =IFERROR(TEXT((C12-B12)/B12,"+0.0%;-0.0%"),"-") -> - | F12: Goal: +2cm | G12: =IFERROR(IF(ABS(C12-B12)>=0.5,"✅ Progress!","📈 Keep Going"),"-") -> 📈 Keep Going
A13: Waist (cm) | B13: =E4 -> 0 | C13: =E8 -> 0 | D13: =IFERROR(C13-B13,"-") -> 0 | E13: =IFERROR(TEXT((C13-B13)/B13,"+0.0%;-0.0%"),"-") -> - | F13: Goal: -2cm | G13: =IFERROR(IF(ABS(C13-B13)>=0.5,"✅ Progress!","📈 Keep Going"),"-") -> 📈 Keep Going
A14: Bicep (cm) | B14: =G4 -> 0 | C14: =G8 -> 0 | D14: =IFERROR(C14-B14,"-") -> 0 | E14: =IFERROR(TEXT((C14-B14)/B14,"+0.0%;-0.0%"),"-") -> - | F14: Goal: +1.5cm | G14: =IFERROR(IF(ABS(C14-B14)>=0.5,"✅ Progress!","📈 Keep Going"),"-") -> 📈 Keep Going

Sheet 🥗 Nutrition Log
A1: 🥗 30-DAY NUTRITION & RECOVERY TRACKER
A2: Daily protein target: 160g | Water: 3-4L | Sleep: 7-9 hrs | Fast until 12 PM (optional)
A3: Day | B3: Date | C3: Protein (g) | D3: Water (L) | E3: Sleep (hrs) | F3: Fasted? (Y/N) | G3: Post-WO Protein | H3: Calories (est.) | I3: Mood (1-10) | J3: Notes
A4: 1 | B4: 06 Apr
A5: 2 | B5: 07 Apr
A6: 3 | B6: 08 Apr
A7: 4 | B7: 09 Apr
A8: 5 | B8: 10 Apr
A9: 6 | B9: 11 Apr
A10: 7 | B10: 12 Apr
A11: 8 | B11: 13 Apr
A12: 9 | B12: 14 Apr
A13: 10 | B13: 15 Apr
A14: 11 | B14: 16 Apr
A15: 12 | B15: 17 Apr
... A33: 30 | B33: 05 May
A34: TARGET → | C34: ≥160g | D34: ≥3L | E34: 7-9 hrs | F34: Yes | G34: Yes | H34: 2800-3200 | I34: ≥7 | J34: Consistency wins!
A35: MONTHLY AVG | C35: =IFERROR(AVERAGE(C4:C33),"-") -> - | D35: =IFERROR(AVERAGE(D4:D33),"-") -> - | E35: =IFERROR(AVERAGE(E4:E33),"-") -> - | F35: =IFERROR(COUNTIF(F4:F33,"Y")/30,"-") -> 0 | G35: =IFERROR(COUNTIF(G4:G33,"Y")/30,"-") -> 0 | H35: =IFERROR(AVERAGE(H4:H33),"-") -> - | I35: =IFERROR(AVERAGE(I4:I33),"-") -> -
